Id,y
14455,0
36380,0
40076,0
10778,1
27939,1
37546,0
27310,1
8377,1
40138,1
20148,1
37959,0
16213,1
28763,0
24077,1
7334,1
7324,1
39198,0
7690,1
8046,0
38884,1
6010,0
40450,1
7180,0
13773,0
28139,0
2061,0
5755,0
33233,1
24189,0
35903,0
24169,1
11580,0
2521,0
33403,0
1264,0
5682,0
1325,1
21894,1
23920,0
26259,0
16678,0
13397,1
10224,0
20509,1
8505,0
5446,0
9855,0
3923,0
24697,1
7063,0
7409,1
4362,1
658,0
9248,1
25232,1
33339,0
8713,0
1432,0
6977,0
5193,0
16161,1
5259,1
4484,1
25802,0
33437,0
18209,0
39307,1
13228,0
3114,1
19395,0
23903,0
23549,1
3237,1
26683,0
11975,1
19120,1
30880,1
35851,0
28008,1
7875,0
41119,1
29878,1
40397,0
6543,0
37278,1
22512,0
30088,0
40670,0
16326,0
10326,0
28129,0
31146,1
33486,1
32012,0
9827,0
16163,0
28806,0
38010,0
26933,1
17323,0
39983,1
18043,0
20487,1
25437,0
37582,1
268,1
24324,0
14824,0
24214,1
128,0
32067,1
2966,1
30195,0
5729,1
17502,1
1940,1
2679,0
25881,1
17664,0
30307,0
7204,1
35072,1
23091,0
18682,1
1570,0
446,1
16556,1
38431,0
34437,0
6386,0
160,0
17288,0
27350,0
21944,0
17308,0
5560,0
13834,1
4898,1
34687,1
14654,1
36998,0
25645,0
23454,0
4254,0
13628,1
7368,0
4622,1
11500,0
14630,1
34920,0
40954,1
1598,0
1562,0
975,0
40040,0
3882,0
22511,0
1090,0
10675,0
17159,1
10232,1
36848,0
37930,1
41112,0
7802,1
27435,0
22392,0
26625,1
4604,0
14886,1
41071,1
16686,0
28700,0
30482,1
1126,0
31220,1
28185,1
18611,0
9850,1
31346,0
36459,0
10942,0
25354,1
6167,1
40083,0
9823,0
13509,1
9371,0
25030,1
6903,1
22163,0
8120,1
32031,1
21424,0
15255,1
35587,0
289,1
33134,0
26622,1
19511,0
28514,0
13906,0
17070,1
24493,0
3425,1
15567,0
20903,0
31757,0
13378,0
5395,1
4894,0
18226,1
12392,0
8711,0
31191,0
13818,0
39572,0
627,1
24430,1
25265,0
38447,0
25378,0
24542,0
13686,0
12324,0
14990,1
19114,0
37629,1
34399,1
24136,0
21559,1
39743,1
1796,0
8100,1
9052,1
16155,0
10616,1
22738,0
6263,0
18221,0
16432,0
11868,0
39425,1
38069,1
2579,0
33820,0
21529,0
26810,0
4098,1
25710,0
3570,1
34357,0
31066,0
28498,1
26760,0
5594,0
22091,0
36867,0
10301,1
5094,1
12436,0
20296,1
37918,0
6924,0
25228,0
18543,0
38902,1
5044,0
24744,1
5769,0
22268,0
6607,1
12839,0
16757,0
2747,0
17545,0
9907,1
6130,1
14413,0
37516,0
32587,1
9547,1
23992,0
16914,0
24906,1
37902,0
19233,0
30697,1
33402,0
34225,0
36756,1
27503,0
2122,1
28725,1
31921,1
37741,0
22629,0
9354,0
19432,0
34544,1
17992,0
40116,1
17696,0
9431,0
24821,0
11107,0
17981,0
21297,0
32327,0
7577,1
22104,1
38452,1
5788,1
18395,1
16096,1
20879,0
16285,0
8064,0
31307,1
28877,1
13738,0
7183,0
11507,1
14196,0
20575,0
29079,0
25472,0
5175,1
7379,1
34887,1
5295,0
8998,1
36614,0
38808,0
21735,1
39609,0
21828,0
38781,1
21830,1
3125,1
23799,0
19504,0
28001,0
13999,1
5205,0
26308,0
32150,1
25145,0
2264,0
30234,0
11212,1
16166,1
5019,1
11084,0
701,0
5841,0
27943,1
22300,1
29720,0
12686,1
10041,0
27285,0
21109,1
6788,1
8420,0
22865,0
3384,1
19240,0
12558,1
35320,0
6483,0
10113,0
6025,0
34142,1
24576,1
25025,1
1941,0
507,0
18552,0
15011,0
20098,0
29175,0
33439,1
36486,0
38967,1
39333,1
13800,1
6345,0
34809,0
13137,1
7210,0
4039,0
15178,0
30573,0
18239,0
2842,0
29100,1
30447,0
37142,1
24961,0
29872,0
2788,0
28242,1
7603,0
14959,0
19181,0
12303,0
2138,0
25189,0
15284,0
3428,0
23602,0
30027,0
8844,0
20538,0
39632,0
8488,0
23536,0
10528,1
30572,0
6314,1
923,0
35151,0
11790,1
38645,0
24741,1
6564,0
36263,1
40686,1
36527,1
569,0
34336,1
19887,0
13570,0
30826,1
6047,0
29321,1
34723,1
25425,0
31082,1
28495,0
40133,0
32434,0
7218,0
37688,0
29280,0
20770,1
120,0
23752,0
28231,1
13516,1
15108,1
5635,0
8436,1
31092,0
18695,0
4959,1
14350,0
16516,0
6855,1
37607,0
20697,0
32941,0
7523,0
2205,0
12649,1
14397,1
35111,1
2301,1
37135,0
36551,0
37296,1
34193,1
14913,1
39050,1
22647,1
26408,0
3913,1
31309,1
24751,0
14424,1
17266,0
8264,0
622,1
36594,0
31561,0
2706,0
14799,0
23768,0
24141,0
8361,0
3206,0
28696,1
11410,0
2171,1
25291,0
40037,0
10346,0
14985,0
6099,1
4850,1
39259,1
22742,0
11647,0
32020,1
32959,0
25256,0
23624,0
38987,0
40044,1
32916,0
7490,0
32107,0
24251,0
24996,1
8373,0
33630,0
20528,0
36934,1
5931,0
26252,1
39737,1
10702,1
27340,0
13347,1
38728,1
4813,0
37303,0
2499,1
4320,0
16602,1
24899,0
27447,0
5508,1
1396,1
5756,1
7002,1
6988,0
36353,1
30652,1
18164,0
17261,1
28214,0
24976,1
35079,0
11394,0
36067,0
41091,0
37706,0
5229,0
13629,0
6665,0
22079,0
13687,1
24933,0
31526,0
25806,0
18110,0
33033,0
5917,0
26425,0
918,0
4760,1
10102,0
5167,0
16010,0
24483,1
4757,0
36324,0
25260,0
11391,0
18324,0
38286,1
23247,0
37852,0
18096,1
38869,1
929,0
10816,0
7541,0
7207,0
21786,1
22702,0
25343,0
5187,0
14044,0
1576,0
21246,0
18985,0
40396,1
39330,1
26155,1
8129,0
26379,1
24868,1
1115,0
21040,0
9386,0
7413,1
35553,0
5034,0
15061,0
1172,1
26979,0
14636,0
2685,0
24817,0
21623,1
28640,0
35965,0
35811,0
34919,0
6789,0
24951,0
37156,1
11060,1
1755,0
38760,0
12305,0
9676,0
7617,1
35906,0
18910,1
20141,0
685,0
20135,1
29701,0
4875,0
987,1
40318,1
14786,1
19059,1
34779,0
22271,0
36542,0
18793,0
11821,0
27540,1
28773,0
34596,1
13797,1
18379,0
38714,1
27826,1
20808,0
21436,1
143,0
3495,1
4767,0
39379,0
34831,0
14210,0
34843,0
17279,0
39957,1
13402,0
22752,0
20824,0
7615,0
33514,0
24809,0
6767,0
3730,1
39719,1
33953,1
7681,0
32339,1
14994,0
27784,0
14280,0
8630,0
26520,0
29604,0
18296,0
4791,1
22011,0
6973,1
8118,1
35552,1
6843,0
14396,0
8859,1
16926,0
4272,1
35370,1
10592,0
7081,1
26786,1
35047,1
35324,1
35513,0
39439,0
5665,1
10158,1
25279,0
9376,0
2541,1
5990,0
148,0
37056,0
3306,1
35088,1
7209,1
34496,0
15505,1
6278,0
27129,0
9445,0
35716,0
22166,1
7959,0
13434,0
29198,0
30067,0
23852,0
14153,1
32466,1
9210,0
22632,1
37149,0
26153,0
17465,0
23693,0
35300,1
25892,1
3081,0
1195,0
9209,0
36838,0
22699,0
14266,0
2596,1
15703,0
27731,1
40742,1
36184,0
21582,0
20010,0
22654,0
24425,0
33211,0
16094,0
1093,0
34958,0
32179,1
37049,1
34950,1
18672,0
6160,0
21071,0
34541,1
32504,1
34331,0
17937,0
21689,0
2023,0
9516,0
40863,0
17443,1
6426,1
24374,0
13722,0
35474,0
12633,0
26788,1
13805,0
18394,0
36281,1
10007,0
19124,0
39171,1
20359,0
23510,1
23113,1
13496,0
9996,0
21318,0
10198,0
18009,0
10291,0
8212,1
10740,1
38111,0
30236,1
3305,0
2832,0
29308,1
24685,1
28118,0
27069,0
24237,0
4147,0
27315,0
35252,1
33862,0
11416,0
15790,0
39503,1
34510,0
22854,0
39223,1
12692,1
3958,0
23531,0
11486,1
14629,0
32835,1
33513,0
15040,0
12622,1
32121,0
21714,0
4173,0
11033,0
29120,0
26037,1
8714,0
22158,0
34371,0
22754,0
34867,0
4157,0
3509,0
20267,0
15353,1
20037,1
40359,1
38736,1
38156,1
4256,1
16683,0
6887,1
39734,1
22799,0
5986,1
30137,0
39611,1
26566,1
29448,0
29126,1
30582,0
14529,1
26555,0
23589,0
39438,1
13664,0
18,0
4716,0
1523,0
18823,0
40358,0
20733,1
9,0
1155,0
7040,1
19303,0
21811,0
4675,1
30563,0
18261,0
26186,0
16616,0
35684,1
38731,1
16042,1
1294,0
920,0
7602,0
33350,1
13252,0
2310,0
33471,1
38154,0
38164,1
30068,0
36757,0
12299,1
14880,1
37758,0
13312,1
38459,0
4307,0
372,1
519,1
30090,0
37150,0
19314,1
9994,0
25780,1
36875,0
11875,0
787,1
25000,0
3066,0
29101,0
29224,0
18102,0
31283,1
24760,0
327,1
22829,0
35420,0
8347,0
7335,0
38423,0
10596,0
33319,0
4395,0
21906,0
36929,1
28451,1
36764,0
1351,1
36377,1
39853,1
23543,0
41092,0
39130,0
21677,0
14828,1
5090,0
28752,1
1078,1
37587,0
13730,0
13591,0
39554,1
10746,1
4463,0
34552,0
11002,1
23544,0
24570,0
14155,1
6976,1
5642,0
19111,1
4909,0
30051,0
29495,0
2227,0
39843,0
19615,1
38073,0
4950,0
40527,0
31312,1
35267,1
10090,1
5076,1
9068,0
29975,0
2902,0
4294,1
14929,1
6519,1
27100,1
1797,0
10026,0
17425,0
1669,1
1166,1
26993,0
15172,0
21285,1
11675,0
11874,0
25130,1
20540,0
28157,0
37159,1
30903,0
2692,0
18587,0
32046,1
1496,1
800,0
10534,1
15627,0
14920,0
10637,0
17402,0
2700,1
5869,0
23746,0
31292,1
19316,0
4552,0
31541,0
25541,0
7798,1
26456,0
34486,0
30314,1
27830,0
37108,0
20440,0
35919,1
38221,1
20624,0
8868,0
23458,0
40730,1
16596,1
37800,1
9326,0
32687,0
30807,0
28510,1
40857,0
19596,0
32166,0
7715,0
37057,0
38263,0
33082,0
20316,0
75,1
5106,0
19102,0
29438,1
11603,0
38851,1
6561,0
13848,0
8681,1
823,0
13141,1
26839,0
2454,1
11579,0
34393,1
34179,1
25589,0
10954,0
24669,0
11456,1
10206,0
11368,0
30335,1
2000,0
36018,1
12008,1
5687,0
34396,0
37598,1
16748,0
16455,0
15851,0
21232,0
1688,0
37787,0
31830,1
40713,1
28994,0
6731,1
9255,1
8430,0
2856,0
4752,0
35819,1
29007,1
5265,0
2477,0
27297,1
12321,0
24975,0
21352,0
11122,1
17519,0
34196,1
18399,1
21948,0
912,1
37792,1
18262,0
9612,0
14098,0
37122,1
26219,0
8975,0
37008,1
17093,1
37996,1
25519,1
6787,0
14992,0
23343,0
16786,0
30929,1
18307,0
30302,1
11061,0
38274,1
8819,0
9821,0
7172,0
13919,0
19415,1
31413,1
23844,0
2003,0
34111,1
32033,0
17203,1
32900,1
24581,1
16530,1
745,0
23739,0
17779,0
798,0
2114,0
21044,0
14587,0
24784,1
35444,0
20931,0
30627,0
23333,1
37194,0
17398,0
21753,0
15158,1
7479,1
26427,1
40123,0
11853,0
18152,0
20940,0
19107,0
13144,1
30560,1
27414,1
36990,1
40740,1
30586,1
2149,0
6592,1
19493,1
19138,0
14478,0
29947,1
27085,1
19642,0
570,1
30987,0
12012,0
29552,1
35871,1
9570,0
8476,1
7165,0
18572,1
27363,0
21334,0
24638,0
4998,0
29340,0
25938,1
9876,1
8616,1
21397,0
34730,1
10420,0
203,1
17280,0
13261,1
26328,0
24070,0
28494,0
11540,0
19145,1
19214,1
17181,0
16699,0
15323,1
15315,0
31179,1
22431,0
3815,0
9626,1
1429,0
10672,0
11796,0
40927,0
24694,1
5407,0
23774,0
25035,0
34041,0
17811,0
27432,0
1176,1
26811,0
3653,1
34174,1
7672,0
19787,0
33433,0
31136,0
11395,0
24603,0
25017,0
25976,0
37683,1
753,0
9440,1
40798,1
22366,0
39038,0
14488,0
20253,1
15679,0
25055,0
36350,1
12890,0
7191,0
35530,0
38569,0
32891,0
14228,0
37759,0
39337,1
21929,0
18371,0
3336,0
21319,0
9663,0
28094,1
8756,0
5676,1
9781,0
16009,1
11493,0
16754,0
37344,0
25798,0
24082,0
18435,1
18284,0
19851,0
37998,1
23658,0
20929,0
18177,1
26907,1
11691,0
28066,0
5206,0
5790,0
27630,0
31973,1
36508,0
27132,0
6441,1
28630,0
20153,1
34830,0
28911,1
7299,1
9452,1
37269,1
9936,0
27387,1
14673,0
33008,0
3494,0
19599,1
15965,1
27395,1
7881,1
8655,1
821,1
14330,0
7381,1
31297,0
21021,0
28675,1
24084,0
9897,0
28847,1
32381,0
6224,0
16845,0
37040,0
33871,0
40739,0
31907,1
26658,0
19079,0
26195,1
21717,0
34075,0
16258,0
33996,0
4296,0
15952,0
18937,1
35747,0
14576,1
11173,1
37107,0
14541,1
29634,0
1027,0
38711,0
27996,1
5926,0
2055,0
13964,1
17949,0
22926,0
26715,0
11877,0
29151,1
10202,1
8717,0
32195,1
6443,0
35593,1
20170,0
12701,0
11366,0
38341,0
6493,1
10521,1
30214,1
4493,0
22243,0
9482,0
35948,0
40651,0
8885,0
23777,0
34468,1
20082,0
39614,0
3462,1
26201,1
8338,1
39441,0
8161,0
37165,0
10133,1
28017,0
33316,0
5760,0
16610,0
2937,1
25485,0
36218,0
1032,0
22604,0
7110,1
28995,0
22798,0
15573,0
13428,1
8147,0
712,0
30640,1
1314,0
36522,0
30915,0
12814,1
38410,0
36959,0
33115,1
31991,1
6302,0
15542,1
30379,0
16518,0
29381,0
32657,0
1546,1
10193,0
4295,1
4746,1
11618,1
12444,1
2598,1
5978,1
21413,0
15391,0
32754,0
31249,1
8209,0
4028,0
2619,1
34478,0
2266,0
8831,1
27840,0
24862,1
25085,0
18410,0
1327,0
34304,0
33290,1
18327,0
10079,0
32773,0
38633,1
10048,0
22120,0
8515,0
26648,1
19357,1
32975,0
15698,0
34519,0
13055,1
26096,1
26199,0
20873,0
27010,0
22796,1
24537,1
8798,0
9583,0
32957,0
21179,0
4612,1
31806,1
11757,0
7733,0
33485,1
3115,0
6238,1
12627,0
28393,0
3158,0
16197,0
29238,0
23291,0
27473,0
12174,0
6882,1
19253,0
3735,1
11159,1
4561,0
13978,1
22749,0
31054,0
21542,0
23943,0
26265,1
2531,1
33002,1
17335,0
2865,1
4094,1
6549,0
37265,0
3259,1
14140,0
10382,0
6778,0
25903,1
7866,1
12500,0
14191,1
16243,0
27755,1
29970,0
6648,1
35471,0
13990,0
9590,0
7773,0
30648,0
23415,0
2068,1
1082,0
24045,1
9292,0
16893,0
26416,1
18606,0
5601,1
13969,1
23371,0
35990,0
5214,1
19976,0
25650,0
17451,0
36817,0
30671,0
30356,1
21434,1
6408,0
33144,1
4001,1
24016,0
40812,1
15374,1
2259,1
24329,1
21554,0
19525,1
23383,0
33747,1
1161,0
26454,1
18936,1
29843,1
28835,0
18995,0
34099,0
30810,1
3759,1
37588,0
5794,1
10500,0
3905,1
33776,0
16746,0
27008,0
25989,1
24695,1
30667,0
5772,1
13013,0
7192,1
2616,1
16410,0
8745,0
20885,1
21505,0
7135,1
5527,1
28649,0
28860,0
32599,0
13602,1
34078,1
10103,0
33368,0
10368,1
16929,1
28554,0
26619,1
38800,0
4607,0
17431,1
30707,1
11168,0
37294,1
25549,0
12393,0
3976,0
24759,0
3733,0
36222,0
7249,0
17854,0
40734,0
19182,0
10808,1
21005,0
29648,0
1394,1
40717,1
7613,1
5697,1
37765,0
33527,1
31131,0
37454,1
34640,1
32271,1
37479,1
26780,0
30112,0
38832,1
19238,1
39933,1
37059,1
26643,0
10308,1
34145,0
17196,0
31485,1
29667,1
38140,1
10293,1
13584,1
39799,0
20107,0
27550,0
1138,0
25759,0
37924,0
31759,0
3402,1
27182,0
2334,0
17661,0
11933,1
8011,0
11280,0
23652,0
23409,0
28938,0
23145,0
15792,1
15548,1
39676,1
19204,0
20663,0
37084,0
13849,0
22209,1
3602,1
11111,1
1848,0
15526,0
33890,1
25465,1
10839,0
1404,0
11056,0
33338,1
8496,1
4525,0
3059,0
12784,0
21960,0
31387,0
12383,1
31521,0
20032,0
10625,0
2520,0
38009,1
4265,1
5721,0
29025,1
7649,0
10175,0
2039,1
2870,0
31533,1
22577,0
27777,0
15201,0
25314,0
6771,0
37577,1
22289,1
799,0
20582,0
27443,0
13044,1
2438,1
21603,0
39477,1
4370,1
29003,1
12167,1
36949,1
11825,1
9522,0
16902,1
23973,0
7600,0
6284,0
3764,0
14976,0
33504,0
21730,0
1897,0
6369,0
32926,1
6069,1
37574,1
23639,0
31337,1
32007,1
10545,0
31300,1
35672,0
27458,0
3012,0
3183,1
35783,0
7807,1
17969,0
5405,0
23958,1
4335,1
19684,0
4442,1
4942,1
10051,1
740,1
10932,1
30191,0
29554,0
2780,1
7623,0
1492,0
4120,0
27221,0
12362,0
40787,0
16849,0
3255,1
20516,1
41111,1
11247,1
30967,0
28441,1
2857,0
30121,0
20278,1
35441,0
28198,0
33832,1
12483,0
7653,0
30837,0
37380,0
25789,0
23539,0
21970,0
20179,1
20339,1
896,0
19947,0
39432,0
7722,0
8185,0
31568,0
33537,0
38375,0
11491,0
27240,0
15994,1
21994,0
1715,1
21861,0
29437,0
8517,0
36679,0
39841,1
18722,0
32389,1
24305,0
6739,0
11811,0
38618,1
9013,0
23519,0
39007,1
12642,0
18945,1
36113,1
28095,1
13665,1
31514,0
5231,0
38792,0
35703,0
19854,0
18069,1
16271,1
17714,1
6678,1
20486,1
6836,0
40945,1
17753,0
18122,1
23269,0
2405,1
5798,1
10721,0
23866,0
8629,1
18749,0
39929,0
8397,1
30219,1
14736,0
10456,1
31466,1
5708,0
13349,0
36567,0
17226,0
18335,0
2468,1
5148,1
6940,1
7524,0
40736,1
29148,0
40088,0
1789,0
10727,1
17860,1
4999,1
309,0
17822,1
37859,0
5808,0
7659,1
27625,0
26517,1
24244,0
12606,0
21725,0
32624,1
3229,1
15704,0
31440,0
16138,0
26435,1
24540,0
40266,1
23848,0
167,1
13485,0
39386,0
25273,1
37531,0
15520,0
35313,0
10165,1
18326,1
9479,1
17155,1
37520,0
14588,0
29031,1
10666,1
17529,0
345,1
26809,0
9345,0
12916,0
35967,0
6718,1
19472,1
20924,1
8929,0
8360,1
6452,0
7266,1
35137,0
37458,1
2123,1
32667,1
39119,1
23492,0
11997,1
40862,0
9884,0
22723,0
1967,1
21202,1
32120,0
13600,0
39777,0
12134,0
25492,0
26011,0
31044,0
22833,1
26283,1
22053,1
36515,0
31453,0
36582,1
36895,0
29702,0
34394,0
40081,1
1149,1
8804,1
5996,0
16487,0
17802,0
30210,1
3057,1
25164,1
25004,1
15653,0
15300,1
39142,0
4768,1
1196,0
30452,1
39549,1
23235,1
21832,0
4924,0
23035,0
36326,0
5529,0
9392,0
35793,1
37722,1
25223,0
5666,0
22248,1
6460,0
26375,0
7426,0
28456,1
28634,1
36349,0
27375,0
10063,0
17835,0
22485,0
24319,1
2423,1
22009,1
8610,0
3519,1
37163,0
22239,0
38719,1
6762,1
16186,0
15981,0
31638,1
18227,1
12462,1
23927,0
2684,1
22416,0
35488,0
37528,0
36975,1
20644,1
2233,1
19674,0
29983,1
33789,0
40343,0
20717,1
18244,1
954,1
40728,0
30133,1
6377,0
8448,0
21335,0
18149,0
13345,1
12797,0
27186,1
22777,0
24909,0
12371,1
34854,0
9767,0
30183,0
36506,1
28607,0
13361,1
3456,0
31736,0
32379,1
38565,0
16126,1
34152,0
12203,0
22307,0
24174,0
20237,0
34381,0
37244,1
33544,0
33217,1
23679,0
6912,0
28142,0
29039,0
27594,0
17138,0
27514,0
19384,0
19566,0
19301,0
38769,0
15509,1
19416,1
198,1
36352,0
34648,0
11532,1
16617,1
38745,0
26108,0
4719,0
13855,1
24650,0
8670,0
26488,1
15225,0
23607,0
12953,0
10925,1
16932,0
868,1
34200,1
17605,1
829,1
34290,0
41073,1
26202,0
11427,1
30906,1
22607,0
4139,0
37995,1
22713,0
27205,0
26063,0
31616,1
3280,0
8038,1
12973,0
23460,1
34982,0
39480,0
5033,1
6990,1
1466,0
3691,0
35565,0
13177,0
32826,1
36334,0
20060,1
6972,1
26009,0
25582,0
23563,0
34098,0
19579,0
34282,0
4302,1
2434,0
34691,0
28452,0
14255,0
33689,1
38387,1
40105,1
34067,1
24158,1
34923,0
26207,1
1791,1
22455,0
11525,0
7023,0
8454,0
7169,0
9143,1
23731,0
8119,1
23512,0
34309,1
35599,0
17004,0
24652,0
25066,0
38331,0
19247,0
32172,0
11992,1
17892,0
713,1
33873,0
888,1
29187,0
5002,1
35814,0
28371,1
27425,0
30921,1
4660,0
84,0
34354,1
37795,0
34600,0
3674,0
38327,1
14212,1
3155,0
40590,1
25504,0
965,1
22866,0
16957,1
28797,1
2432,0
204,0
14972,0
5436,0
36661,1
31070,1
32378,1
18454,0
28145,1
1390,1
40518,0
37100,1
937,1
36010,1
25922,0
3047,1
40013,0
35456,0
35009,1
8267,0
11153,1
40237,1
8532,1
2337,1
37694,1
25243,0
34159,0
28776,0
34581,0
2622,1
15368,1
1435,0
371,0
13827,1
13167,0
13165,0
23986,0
22737,0
18697,0
10860,1
20043,0
23486,0
27850,1
40996,1
32707,0
27275,0
27070,1
2705,0
34987,0
32603,0
12066,0
40097,1
1533,0
32211,1
23036,0
26626,1
29246,1
9430,0
4865,1
35183,1
23515,0
4249,0
5154,0
28316,1
34168,0
40075,0
39717,1
31847,1
23457,0
21448,1
9283,0
17234,0
8837,1
196,0
27981,0
37369,0
13793,1
26440,0
8751,1
16968,0
9532,1
27647,0
5477,0
4075,0
11071,1
7450,1
35202,1
7605,0
28210,1
17819,0
10320,1
40579,0
11808,0
35469,0
17531,1
24339,1
33578,1
14909,1
15130,1
1624,1
40754,1
18605,0
35270,0
26919,0
35996,0
19843,0
39159,1
17750,0
37667,1
29612,0
22761,0
27377,0
38732,0
38044,0
20155,0
37514,0
36475,0
5889,0
9582,0
10182,0
9875,0
3374,1
3415,1
2042,0
35477,0
26168,0
24614,0
40949,0
5428,1
9387,0
33654,0
38248,1
12184,1
25096,0
33608,0
19961,1
16440,0
34082,0
33419,1
19624,1
30226,1
12441,1
18555,0
18339,0
41098,0
7330,0
24230,0
39902,0
24658,0
16026,0
19790,0
11209,0
38251,1
19884,0
30995,1
26306,0
31829,1
36145,0
27522,1
21814,0
25112,1
10451,1
3222,0
19546,0
2218,1
19526,1
40335,1
31804,0
40838,1
24341,0
4203,1
18337,0
30241,1
5735,0
1207,0
1658,1
3396,0
20532,0
24687,0
6006,1
17948,0
600,0
24924,1
9631,0
1236,1
40681,1
8055,0
26136,0
9045,1
22215,1
12704,0
895,1
28220,0
10817,0
18442,0
40360,0
34529,1
31085,1
35894,0
146,1
8103,0
11511,0
28432,1
705,0
6840,1
32140,0
1438,1
6137,0
38025,1
17688,0
10460,1
6810,0
18839,0
12136,1
8732,0
18184,1
33310,1
17466,0
37527,0
25302,1
12628,0
8095,0
15493,1
17439,1
16110,0
30778,1
39715,0
5080,0
8004,0
36685,1
12338,0
6758,0
32159,0
15419,1
11763,0
3562,1
21636,1
12611,1
21625,0
7626,0
34008,0
413,1
15963,1
21182,1
9852,1
2492,0
29738,1
19874,0
16541,0
27756,0
21461,0
24348,1
30700,1
25713,1
19039,1
503,1
19422,0
36240,0
27685,0
9844,0
12455,1
5979,0
17337,0
29343,0
16167,0
17122,0
8652,0
20399,1
24137,0
37010,0
34922,0
23173,0
16739,1
26874,1
10360,1
11381,0
24567,1
29825,0
31900,0
19192,0
13308,1
18298,0
31354,0
34536,0
38433,0
7921,0
4036,0
17433,0
21967,1
29431,0
11711,0
22222,1
39358,1
28688,1
5615,0
12151,1
30682,1
16346,0
5935,0
25851,0
18112,0
21348,1
5460,0
21018,0
22730,0
6923,0
12533,1
18390,0
34440,0
17403,0
40384,0
38241,1
34525,0
28955,0
11581,0
40172,1
38692,0
34603,1
6921,0
23798,0
31893,1
17307,0
39311,0
1892,0
7228,1
32673,0
17582,0
37704,1
24403,1
28987,1
27586,1
35234,0
17230,1
33458,1
8224,1
24048,1
10761,1
2097,1
8256,1
37790,1
31355,0
33150,0
17740,0
27109,0
28342,0
5762,0
38693,0
24371,1
10799,1
10992,0
5828,0
24289,1
4511,0
35904,0
30005,0
20449,0
40795,0
19555,0
24470,0
36198,0
14002,1
28822,0
21597,0
13482,1
4654,1
36780,0
20571,0
12851,1
31861,1
30978,1
18047,0
1304,0
41151,1
11073,1
32070,1
35292,1
12899,0
40587,0
16501,0
17489,0
17338,0
20260,0
14286,0
4728,0
17629,0
33477,1
20747,0
19898,1
13198,0
31835,0
22494,0
30073,0
17126,1
23497,0
40872,0
23141,0
2013,1
25155,0
24433,1
19430,0
11687,0
40922,0
8775,0
14787,1
1704,1
40290,1
33017,0
21808,1
34890,1
35738,0
25264,1
18252,1
33086,0
812,0
1342,0
9654,1
32869,1
6156,0
12212,1
14720,0
16508,1
5093,0
21082,0
34852,1
12016,0
15608,0
12849,1
40826,0
1764,1
4623,1
2985,1
22043,1
20881,0
36467,1
7434,1
25700,0
9486,1
20894,0
5457,0
7518,0
1465,0
21186,0
6191,0
29731,0
34968,1
15241,0
11349,0
33460,0
33052,0
21323,0
22758,0
4770,0
31768,1
4620,1
22700,0
23762,0
30718,1
21533,0
1109,0
7270,0
33058,1
20182,0
7689,0
23627,0
9228,0
31298,1
30166,0
18116,1
28531,0
19241,0
199,1
20499,1
20713,0
34321,1
241,0
37883,0
6664,0
38462,1
35504,0
32039,0
26708,0
1214,0
3387,1
16977,0
40900,1
28829,0
1040,1
1622,0
33253,0
17498,0
22940,1
5138,0
29046,1
8215,0
26254,0
24696,0
13070,1
32918,0
883,0
17631,0
38558,1
18604,1
17540,0
1509,1
40941,0
1959,1
24566,1
35788,0
30220,0
22213,1
36656,0
32643,0
26759,0
25422,1
1672,1
17136,0
19461,0
18451,0
15170,0
3411,0
23432,0
4708,0
21913,1
16411,0
35061,0
13107,1
29153,1
12372,1
18299,0
115,1
20830,0
9867,0
14644,0
1512,0
19080,0
33112,0
30357,0
27637,0
27171,1
2474,0
36703,0
34034,1
18691,0
30492,1
33198,1
38271,0
16051,1
28898,1
10121,0
34688,0
33084,0
25065,0
20251,0
7273,1
2923,0
14884,1
34489,1
27176,0
32605,1
16498,1
1343,1
30197,0
19433,0
15182,0
9008,0
537,1
21899,1
15460,1
11953,0
16585,1
30623,0
28195,1
17679,1
33988,0
30756,0
14359,1
1618,0
16961,1
21575,0
16420,1
11000,0
30735,1
12405,0
15286,0
18731,0
6978,1
24457,1
35774,0
34213,1
14709,0
7030,0
30704,0
6324,0
3417,1
16859,0
7506,1
40346,1
32902,0
38940,1
35242,0
38612,1
27928,1
27446,0
36760,0
23783,0
23720,0
2761,0
27683,0
29228,1
37488,1
2816,0
35095,1
35374,0
23054,1
14404,0
14818,1
21150,0
13623,0
16903,0
26452,0
5472,0
41077,0
18867,0
22098,0
28557,1
6737,0
21953,1
20756,1
16205,1
130,0
37644,1
39907,1
17994,0
23134,1
38104,1
35736,1
40692,1
3450,0
36339,0
18205,0
29119,1
4751,1
14593,0
26193,1
39781,0
16112,0
25089,0
19691,0
15875,1
26184,0
33431,0
12757,0
3429,0
40006,0
1640,1
25826,0
24526,1
12873,0
23393,1
3330,1
7026,1
838,0
3253,1
31937,1
24560,1
27041,1
9216,0
32021,0
5617,0
26437,0
13417,0
16060,0
27364,1
11216,0
7916,1
7904,1
38961,0
29698,1
35340,0
7599,1
35258,0
32133,0
24100,1
30280,0
36746,0
9043,0
35430,1
14349,0
17720,1
17712,1
39236,0
3963,0
22349,0
10020,0
22994,0
25236,0
23540,0
37072,0
6692,0
20862,0
3709,1
9105,0
39795,1
28171,1
4889,0
14087,1
2786,1
22039,0
1406,1
14609,1
37569,1
28832,0
38622,0
28468,1
30455,0
7223,0
35662,0
5281,1
24416,1
18130,1
10714,0
40476,1
30152,0
24133,0
28919,0
27067,1
17803,0
19893,0
33567,1
38285,1
7152,0
40990,0
13229,1
28124,0
3004,0
2627,1
1348,1
5626,0
674,0
9983,0
32478,0
18391,0
30865,0
33754,0
21137,0
38181,0
14991,0
5900,0
39530,1
13353,1
23814,0
24979,1
4821,0
23416,0
14085,1
26512,1
14575,0
30325,0
5333,1
39992,1
35636,0
23292,0
31113,1
15651,1
17782,1
6438,0
39650,0
18400,1
15552,0
21692,0
15832,0
25495,0
4235,1
22124,0
30811,1
8190,0
26790,1
15794,1
28263,0
13747,0
2373,1
14219,0
15995,0
38026,1
1369,0
32581,1
7346,0
29928,1
16036,1
19213,0
16973,1
18581,0
37907,1
13807,1
12630,1
28526,1
1454,0
30600,0
23267,1
16496,0
25712,0
40165,1
10211,0
31023,1
32205,0
9231,1
17316,0
31652,1
19708,0
22111,1
27344,0
11098,0
30596,0
6560,1
32523,1
4400,0
31262,1
6412,0
39245,1
22341,0
20000,0
29460,1
29901,0
34364,1
17141,1
39665,1
26513,1
40758,0
10050,1
39097,0
35710,0
36293,0
3093,0
1016,1
22873,0
31910,1
20489,1
31124,1
34027,0
5082,1
35951,0
11725,0
10168,1
32221,1
36751,0
12382,1
27704,1
516,0
14558,0
26550,0
38643,1
15855,1
9860,1
11604,0
35799,0
25325,1
15865,0
10948,0
31979,0
34361,0
9014,1
2194,1
31971,1
30644,0
4971,1
35692,1
4619,0
6675,1
15652,0
33817,0
26523,1
19806,0
30033,1
24462,0
29428,1
3891,1
16867,1
1856,0
28845,1
13128,0
17098,1
12426,1
17718,0
37218,1
39832,0
18063,0
31417,1
12121,1
10855,0
6587,1
36850,1
18478,0
2662,1
36073,0
10449,1
24764,1
5801,0
24507,1
38292,1
12749,0
2146,0
32846,1
742,0
11969,0
19165,0
4563,0
10037,1
32607,1
40958,0
31916,0
13647,1
14548,0
19157,0
40532,0
39014,1
10872,1
30199,0
35302,0
38291,1
29915,0
31649,1
8545,0
22951,0
168,1
20222,0
12349,1
32694,0
32503,1
11132,0
8199,1
18162,1
17117,0
21695,0
8865,1
37065,0
4873,0
35849,0
34250,0
5741,0
22626,0
141,0
15592,0
9374,0
7007,0
31330,0
2488,0
37177,0
3871,1
2631,0
2762,0
7843,0
22608,0
3317,1
7683,1
20593,0
11946,1
40406,1
6866,0
11827,0
36618,0
34109,0
19246,1
35664,1
31730,0
4762,0
39878,0
37264,0
31513,0
38978,0
382,1
26812,0
18657,0
33137,0
7268,0
23884,0
24959,0
38793,1
8701,1
1620,0
15173,0
5699,1
17283,0
22336,0
9471,1
16580,1
6581,0
4979,1
9812,1
28624,0
35279,0
7119,0
4355,0
3854,0
4100,0
13612,0
15899,1
11744,0
28620,0
197,1
13740,0
9015,1
9437,0
35854,1
159,1
10748,0
4706,0
35013,1
5696,0
1555,0
28645,0
29739,1
37190,1
13366,0
16692,0
11561,0
11448,1
20125,0
34044,0
36439,0
12168,1
21466,1
16909,1
26765,0
36223,0
34088,1
8887,0
14658,0
4967,1
961,0
24834,1
26957,1
26681,1
35468,0
9317,0
6022,0
6817,0
7956,0
18566,0
27477,0
35274,1
12250,0
13235,1
1049,1
250,1
6064,0
25187,0
26647,0
21317,0
35364,1
11835,0
31833,1
13614,0
11849,0
6031,0
8539,0
4788,1
14183,0
26327,0
5365,0
14192,0
20758,0
19758,1
7952,1
40621,1
8940,1
8588,0
2534,1
36870,0
34667,1
35815,0
3822,1
16277,0
13526,1
41163,0
8286,0
23010,0
20584,0
39885,1
1101,0
8233,1
20604,1
23570,0
15904,1
23453,0
13525,0
30064,1
34745,1
4310,1
29871,0
19548,1
18888,1
20996,1
36677,1
23005,0
1035,0
40585,0
31643,0
14317,0
28108,1
28722,0
870,1
27260,0
31722,1
32698,1
13750,0
14407,1
19533,0
37210,0
13460,1
25896,0
13752,0
38885,0
34154,1
1227,1
1150,1
39423,1
33998,0
12360,0
36493,0
13912,0
37319,1
10237,0
18230,0
15263,0
11013,0
2844,0
6287,1
16234,1
39351,1
30066,0
27650,0
18500,0
4558,0
40276,0
38715,0
27785,0
7865,0
25247,1
14701,0
12428,0
14759,1
41146,0
25075,1
11804,0
10076,1
2388,1
14393,1
17794,0
11282,1
38034,0
13751,0
39551,0
11529,0
1727,1
11029,1
36058,0
16376,1
26893,0
32898,0
27734,0
14552,0
1677,1
4018,0
2404,0
23523,0
4447,1
40413,0
23139,1
6717,1
7217,0
2709,1
34155,0
37778,0
39967,0
33585,0
1687,0
19578,0
39472,0
5614,1
34064,0
31942,1
32005,1
13435,0
35982,0
33075,0
17119,0
7124,0
39863,0
38482,0
20145,1
3355,0
39374,0
18165,1
3033,0
13506,0
38685,1
370,1
27500,1
25583,0
29759,1
22588,0
5101,0
18028,0
36882,0
9573,0
38734,1
28713,0
24926,0
9948,1
35546,0
16712,0
10023,1
7375,0
32324,1
28046,0
18894,1
14855,1
10167,0
12264,1
19263,0
26858,0
11510,0
27351,1
19262,1
11955,0
31755,0
32032,1
2080,1
17089,1
41104,0
28574,0
26830,0
23533,0
28133,1
10756,0
29837,0
36052,1
38471,0
9002,1
1550,0
34961,0
10711,0
20029,0
11668,0
29388,0
34188,0
38524,0
34298,0
39869,1
22066,0
1609,0
7579,0
8605,1
32709,0
11706,0
6707,0
31589,0
13156,0
2661,0
28372,1
18707,1
29904,0
26087,0
7250,0
39145,1
39785,1
14698,0
24823,0
12080,0
18864,1
5170,0
28192,1
6968,0
7162,1
33616,1
2409,1
7149,1
11592,1
20970,1
20521,0
20272,0
34124,1
7594,1
34306,1
32647,0
28285,1
11131,1
19935,1
12944,0
25127,0
13779,1
11859,0
39155,1
38117,0
18896,0
38049,1
21596,0
16719,1
8585,0
20338,1
38971,1
37491,1
628,0
29691,1
21883,0
6892,1
34728,1
17151,1
32578,0
2093,0
7738,0
35883,0
39680,1
17124,0
12771,1
31084,0
36319,0
312,1
39296,1
13104,0
18959,0
19389,1
20735,0
4251,1
22670,0
27841,0
21606,0
39968,0
15540,1
27958,1
6177,1
19957,0
30902,1
36602,1
13186,1
13295,1
29108,0
4257,0
283,0
32947,0
20079,0
38797,1
314,0
37844,1
38264,0
34526,0
28007,0
2775,1
24365,0
14530,0
11294,0
5975,0
36795,1
38988,1
16272,0
28522,0
25568,0
34279,0
1332,0
36777,0
26248,1
3393,1
39461,0
6344,0
33145,1
25797,0
24037,1
8468,0
14854,1
19440,1
14713,0
16608,1
31028,1
11189,0
26322,0
17970,0
40003,0
6407,0
10518,0
14639,1
32423,0
26068,1
24667,1
19635,1
40166,0
26982,0
6078,0
34943,1
14007,1
29450,0
24283,0
34683,1
13477,1
17507,0
28551,0
17918,0
35028,1
19668,1
8105,0
38032,1
6184,1
22498,1
30264,1
38628,0
17500,0
39500,1
9539,0
21215,0
11794,0
24565,0
32562,0
21930,0
1070,0
34438,1
14749,1
1781,1
9970,0
17394,0
212,1
37227,1
2040,0
5898,0
6558,1
33307,1
39945,0
13916,0
29361,1
156,0
20781,0
31805,0
24193,1
10553,1
40567,1
7196,1
4907,1
19685,1
195,1
39849,0
1665,1
23810,0
25654,1
13233,0
32280,1
5499,0
19885,0
16560,1
18084,0
30421,1
20535,0
7343,0
14603,0
32461,0
4372,1
4866,1
16171,1
25837,0
33803,1
24200,1
34433,1
21053,0
10895,0
16850,0
27966,1
12726,0
37494,1
39016,0
26262,0
3818,0
39834,1
23587,0
7396,0
31329,1
15458,1
32156,1
32612,0
20385,0
24791,1
16005,0
36561,1
11976,0
33573,0
4551,0
24779,0
30170,0
9226,1
29338,1
34652,1
34031,0
19530,0
7696,0
18392,0
27596,0
3230,1
3936,1
13443,0
28501,1
5951,1
5577,1
8357,0
28471,1
12127,0
16970,0
35813,1
21092,0
37443,1
2773,0
11856,0
36096,0
16424,1
39482,1
40550,0
426,1
872,0
35674,0
32372,1
16718,1
38004,0
720,0
29863,1
25123,1
29309,1
31742,0
23484,0
23532,0
692,0
18493,0
15867,0
4795,1
40942,0
12920,1
34563,0
8934,0
23842,0
33288,0
6484,1
7771,0
26851,0
34241,0
39786,1
9659,1
41060,0
4948,0
10580,0
18439,0
17415,1
23719,0
29626,1
21599,0
11440,1
26069,0
6602,0
20080,1
22691,0
37643,1
40490,1
25507,1
30556,1
25716,0
19133,1
1235,1
35357,0
29958,0
30796,1
36554,1
21104,0
27254,0
16399,1
5564,0
24592,0
8696,0
33955,1
1978,0
11145,1
23518,0
213,1
6356,0
22156,0
3525,1
11839,0
8422,0
29862,1
35635,0
39962,1
37476,0
8782,1
25649,1
13957,0
6505,1
22082,0
5648,0
28850,0
31493,1
24302,0
20865,0
14419,1
8719,1
16883,0
30731,1
7148,0
20323,0
40288,0
2776,0
8891,1
30440,0
4503,0
12608,0
2723,0
32404,1
39022,0
39229,0
20178,1
5886,1
37365,0
1923,0
21290,0
29582,0
2083,1
1418,1
10565,1
22199,1
29173,1
30696,0
735,0
32973,0
23295,0
14840,0
15745,0
38445,0
33765,1
31557,0
11661,0
23745,1
4504,0
35512,1
22153,1
38924,0
40269,0
6641,1
7220,1
15821,0
9340,1
22913,0
4584,1
30305,0
19939,1
12024,0
36300,1
9475,0
28444,1
17035,0
30858,0
6684,0
8479,1
28064,0
5264,0
41000,1
17923,1
40016,1
37292,0
5880,0
24509,0
24994,0
31229,0
22487,1
27013,0
25018,0
347,0
27062,0
22457,0
8065,1
24050,1
39049,1
4069,0
23770,0
14686,1
37205,0
33756,1
7941,1
7584,0
26813,1
24948,0
31994,1
28802,0
15183,1
25157,1
38412,0
34805,0
32388,1
39506,1
38975,1
878,0
19825,1
11146,1
35461,0
7460,1
2444,1
16325,0
35901,1
21925,0
39032,0
37613,1
40160,0
24506,0
15562,1
31819,1
17935,0
34605,1
24467,0
28622,1
7949,0
37176,0
39100,0
13900,0
20395,1
39820,0
16564,1
11142,0
36266,1
28663,1
11127,0
31338,1
17339,0
30725,1
29946,1
25487,0
25833,0
18334,0
35446,1
39116,1
29696,0
38107,1
32068,0
19017,1
28803,1
4981,0
7103,1
34915,1
17920,0
20077,0
7194,0
31569,0
100,0
7589,1
38541,0
15917,1
38814,0
23501,0
23281,0
16663,1
40173,0
2125,1
8772,1
3478,0
4953,0
17754,1
20858,0
7628,0
11482,0
3835,0
32935,0
17025,0
37874,0
12946,0
33701,0
10143,1
24656,0
23353,0
10854,0
35315,0
16725,0
6501,0
14172,1
20554,0
13495,1
15547,0
21022,1
26607,0
6998,0
4774,0
22688,1
13568,1
1722,1
20854,1
39689,1
14800,0
5965,1
14264,1
27665,1
6981,0
23708,0
11275,1
16436,0
31233,1
12398,0
33196,0
30830,0
23779,0
7945,0
25764,0
22155,0
22134,1
16759,1
30579,0
21220,0
2089,0
31045,0
25442,1
16208,0
31721,0
5038,0
1475,1
8676,0
12385,0
28352,1
34609,0
28882,0
33255,1
26111,1
37997,0
20116,1
3821,0
23644,0
8551,0
35433,1
5610,1
4627,1
22980,0
12919,0
37358,0
33315,0
28658,0
32646,0
29284,1
9385,0
26171,0
21233,1
27427,0
13145,0
33884,1
38833,0
29158,0
27237,0
17909,0
39911,1
21483,0
40356,1
11192,0
17807,1
31306,1
4444,0
30355,1
8722,0
4195,1
23574,0
2958,1
34412,1
14507,1
20923,0
35902,0
30694,0
6132,1
25677,1
30375,0
10536,0
30944,0
21767,0
31845,1
2291,0
18586,0
35618,0
33738,0
25058,0
25626,0
5872,0
26139,1
22533,0
28636,0
2879,0
18683,0
34781,0
35319,1
27631,0
40940,1
34845,0
6570,0
32147,0
31545,1
17348,0
23129,0
14968,0
12407,0
1033,1
28727,1
28219,0
25474,1
35680,1
10567,1
2991,0
21090,0
640,1
13945,0
21938,0
36421,0
33164,0
23721,1
31120,1
35120,0
19853,1
17225,1
20800,0
32076,0
29636,1
25927,1
14721,1
33900,0
38549,1
16065,1
12437,1
30711,1
27873,1
33057,1
33536,0
32767,1
17021,1
28758,0
36115,1
8228,0
19018,1
39879,1
6520,1
15245,1
18666,0
40452,1
17955,1
28445,1
5914,0
13685,1
18189,0
12655,0
5929,0
29157,0
37789,0
8208,1
22678,0
30397,0
20263,0
30352,0
28515,0
19147,1
9003,1
40719,0
28333,0
19556,0
37232,1
36524,0
398,0
32730,1
11692,0
31152,0
22175,1
41007,1
36031,1
5210,0
18738,0
15736,0
3837,1
30023,1
28948,0
28025,0
13843,1
11444,1
11102,1
30792,1
3867,1
17423,1
28632,1
29202,0
7550,1
11899,0
14867,1
31385,0
38048,0
10583,0
31308,1
5913,0
2652,0
19568,0
39418,1
26720,0
13490,0
28262,0
13635,1
29614,1
30662,0
9090,0
30200,1
20290,0
23967,0
8584,0
2658,1
16293,1
33821,0
23891,0
4557,0
25486,0
11123,1
36608,1
17703,1
34706,1
5653,0
36992,1
4378,0
28870,1
6492,1
20038,1
20044,0
40257,1
365,1
9579,0
31052,0
40453,0
39301,0
20464,1
41156,1
10792,1
24905,0
37796,0
23846,0
35407,0
29376,1
3729,1
36417,0
226,0
23593,0
26814,1
8966,1
18074,0
31920,1
32217,0
393,1
37039,1
24210,1
40185,1
35882,0
1277,0
33034,0
14433,0
38577,0
26594,0
29898,0
24786,0
23524,0
2397,0
1479,0
10499,0
17558,0
22125,0
16933,1
1583,1
20887,0
3406,1
17208,1
33185,0
38438,1
14594,1
1711,1
20083,1
15265,0
1477,0
19484,0
30780,1
17063,0
20560,0
4019,1
6020,1
20485,0
26817,1
18140,0
6327,1
11760,0
16648,0
12257,1
37672,1
27701,0
36723,0
11612,0
8008,0
3918,0
34637,0
37226,0
23485,0
25659,0
31832,1
34909,0
16181,1
10219,0
3032,1
23018,0
24264,0
13810,1
1855,0
35528,1
13792,1
17560,0
18515,1
10463,0
12901,1
16557,0
12893,1
18897,0
27680,0
9036,0
4096,0
30699,1
9362,0
40424,0
22736,1
17188,0
22075,0
13908,0
25509,0
15133,0
23398,0
31576,0
40227,1
30741,1
21712,1
17422,1
39396,0
5257,1
13300,0
19679,0
8262,0
8151,0
15461,0
16792,1
9110,0
11236,0
5579,0
1536,1
39769,0
11882,0
38617,0
22669,0
13930,0
1654,1
558,1
17898,0
2031,1
27941,1
2152,0
39914,1
11509,1
20286,1
15211,1
415,0
4386,1
5089,1
21890,0
20396,0
19295,0
31575,0
20318,0
9511,0
39345,1
37775,1
20131,0
23297,1
18596,0
538,1
38559,1
13643,0
16409,1
13547,1
33952,0
40584,1
3917,1
18426,0
13909,0
32027,0
16886,0
19613,0
30358,0
30400,1
8379,1
23758,0
18174,1
15177,1
28677,0
9519,0
18721,0
32756,0
39814,0
25561,1
19321,0
17278,0
16066,1
36489,1
17788,0
9417,1
33234,0
35102,1
31322,1
25844,1
35583,0
8085,1
7515,0
35947,1
29181,0
14506,0
2365,0
29655,1
29419,0
10766,0
12546,1
18185,1
13204,0
26661,0
38513,0
40168,0
29503,0
9889,1
11952,0
38413,1
8418,1
26886,1
13791,0
12341,0
35520,0
12512,0
34604,1
22690,1
27422,0
5956,0
5535,0
13918,0
4964,1
1298,1
27696,0
1582,0
4913,0
13147,0
26779,0
6588,1
22404,0
8977,1
29594,1
21680,0
30003,0
2624,1
2785,0
34569,1
14295,1
33586,1
2826,0
23097,0
21239,1
12100,0
16349,1
40034,0
23356,0
14246,0
35501,0
11289,0
15146,1
36698,0
27790,1
8184,0
32872,1
29205,0
25034,0
17624,0
31285,1
12911,1
28989,0
32169,1
30815,1
38526,1
9783,0
36402,0
36563,0
31122,1
15421,0
17267,1
8730,0
31038,1
474,1
28439,1
8333,0
40934,1
39815,0
32165,1
18411,0
20001,1
13553,0
15765,1
27133,0
35062,0
13802,0
13309,0
32701,0
23919,0
41155,0
35696,0
20541,1
36203,0
6763,0
22314,0
36442,0
37740,0
20089,0
19643,0
35042,0
7634,1
23806,0
8254,0
16607,0
2238,0
36265,1
2626,1
31793,1
8763,1
13195,0
2359,1
30311,0
21543,1
12423,0
21221,1
6081,0
22279,0
6989,1
27493,0
20503,0
26583,0
500,1
1391,1
1568,1
29492,0
501,0
19475,1
34873,1
33964,0
26983,1
25566,1
11741,0
7315,0
21316,0
11578,1
34081,0
40648,0
16059,0
37028,1
38312,0
5657,1
13414,0
36484,0
39126,0
39191,1
29727,0
37853,1
24356,0
14423,1
15302,1
1754,0
38098,1
16073,1
26601,0
4841,1
13056,0
1287,0
25595,1
13367,1
10696,0
10858,0
33548,1
38552,1
33643,0
26754,0
32981,1
31468,0
20452,0
22205,0
13622,1
22740,0
936,1
22580,0
29536,1
37723,1
18546,0
14057,1
24515,0
41082,1
11344,0
29209,1
39221,1
3272,1
32445,0
6383,0
27311,0
34285,0
18264,0
12594,0
37195,1
21372,1
4785,1
30772,1
11183,1
37816,0
11072,0
32299,1
33746,1
14194,1
34106,0
38066,1
5739,1
36099,0
29550,0
38135,0
5398,0
8507,0
27669,0
38873,0
2671,0
27899,1
30149,1
19638,1
29777,0
8401,1
39646,0
40248,0
28701,1
28862,0
33479,1
2952,0
26358,0
3659,1
40368,0
9775,0
30770,1
28294,1
12703,0
20019,0
21905,1
30459,0
7598,0
7059,0
1497,1
23434,0
10266,0
34190,0
15879,1
12025,1
3036,0
3985,1
6357,0
6814,1
25960,1
32080,1
38303,1
36572,0
28205,1
25690,0
36028,1
20071,1
18853,1
40870,1
19983,0
31164,0
17383,0
2169,1
25750,0
20199,0
26016,1
14476,0
23380,0
15816,0
7035,0
27978,0
20819,0
37236,1
25050,0
6728,0
11761,0
27266,0
4806,1
3451,0
2814,1
1410,0
18883,1
30614,1
12064,1
7783,1
751,0
40303,0
2460,0
27534,1
35526,0
11818,0
19890,1
26762,1
33054,0
18467,0
27783,0
27555,0
14462,0
14046,0
29193,1
15825,1
31139,1
12915,1
1223,1
4763,1
24414,0
33825,1
30485,0
28051,1
38716,0
21622,1
28972,1
3782,1
10571,1
7586,0
2072,1
14891,1
27787,0
6274,1
27288,1
9229,0
34832,0
39328,1
492,1
1716,0
35502,1
16209,1
38723,0
39241,0
35734,0
12625,0
30661,1
10569,1
12676,0
35750,0
13216,0
35616,0
19150,1
8835,0
792,1
10265,0
17610,1
35222,0
31313,1
6424,0
11686,0
15986,0
11775,0
9837,1
18183,0
27947,0
5468,1
30528,0
29851,0
38193,1
18176,1
38492,0
6086,1
5060,0
20965,1
23059,1
15941,0
21715,0
32198,0
37945,0
26740,0
15685,0
29363,1
17399,1
36770,0
29252,0
19199,0
38465,1
32911,0
13548,0
4596,0
16612,1
11712,0
38802,0
22965,0
35203,0
33522,0
1950,0
22290,1
39469,1
40163,1
39502,0
23504,0
29456,0
18659,0
36183,0
28491,1
6781,0
14614,0
23395,0
3412,0
7700,0
14852,0
24660,1
8201,0
11762,0
4849,0
11719,0
26070,0
20726,0
15213,0
9809,0
27834,0
1293,0
18900,1
24584,1
14537,0
18972,0
40422,0
17871,1
30632,1
39608,0
4132,0
10400,1
731,1
17938,0
6180,0
694,0
1974,1
16122,0
2881,1
19577,0
25416,0
2988,0
13230,0
33412,0
6273,1
15898,1
304,0
30399,0
3232,1
31505,1
6872,1
17019,0
26451,0
19934,0
13875,0
30781,0
26773,0
8121,0
17544,0
1909,1
21173,1
12591,1
55,0
39281,0
30306,0
32337,0
11797,0
28635,1
2641,0
4796,1
12791,0
10496,0
39232,1
5146,1
12687,1
10493,1
27900,0
19141,1
26913,0
20405,0
38821,0
26287,1
33524,0
10277,0
8331,1
24068,0
8387,1
35784,0
29553,0
11064,0
3734,1
14309,0
40078,1
26714,0
29990,0
1549,0
30403,1
10654,0
30062,0
38535,0
33229,1
17617,0
3238,0
12267,0
32559,0
34726,0
707,1
31068,0
23186,0
308,0
16558,0
30634,0
2718,1
29971,0
20661,0
3649,1
29673,1
23044,1
35036,1
34715,0
34995,0
12045,0
7351,1
9777,0
26429,0
5627,0
21545,0
38168,0
23547,0
39360,0
1852,1
24908,0
25161,0
5829,0
36003,0
2585,0
11231,0
24011,1
3055,1
2519,0
10767,0
15746,0
39993,0
8956,0
7221,1
11559,1
3787,0
28920,1
39348,1
31571,0
19881,1
40600,0
12130,0
822,1
41078,1
21051,0
34850,1
22353,0
40410,1
28002,0
38609,0
11950,0
18741,0
19047,1
11979,0
24207,0
32016,0
35481,1
11521,0
34949,0
37436,1
13359,1
27770,0
8592,0
20710,1
33508,0
546,1
36692,1
37751,1
14662,0
8921,0
3002,1
22230,0
32615,0
37955,1
35624,0
25536,0
40469,1
20985,0
32789,1
16310,1
24770,0
8806,1
10699,0
31441,0
29531,0
5444,0
11530,0
27884,0
29295,1
16255,1
37170,1
13358,1
14615,0
4659,0
7281,1
5387,1
21981,0
20466,1
14158,0
12866,1
19156,1
20119,0
7581,0
40029,0
16629,0
20962,0
10256,1
16881,1
14481,1
5776,1
34595,1
34153,0
38875,0
10524,1
18065,1
23706,0
246,0
30076,0
8524,0
38664,0
17186,0
264,0
24009,1
28897,1
27883,0
22409,0
32550,0
3828,0
35601,0
2151,0
13172,0
21627,0
31773,0
22981,0
39934,0
17818,0
34985,0
29992,0
13663,1
7005,1
33126,0
37812,0
23023,0
15688,0
19420,0
8365,1
13090,1
11481,1
26067,1
6002,0
29822,0
35941,1
35987,0
11910,0
41079,0
10730,0
11770,0
34676,0
10517,0
35032,0
34938,1
5724,0
10961,1
14611,0
18970,0
8930,1
25560,1
21015,0
26665,0
15991,0
6765,1
9691,1
29526,0
6791,1
37526,0
14473,0
13980,0
24595,1
6514,1
8027,0
12255,1
7160,1
28674,1
6215,0
14946,0
9085,0
12564,0
5191,0
28027,1
39153,1
20185,0
29156,0
17765,0
40557,0
24896,0
9182,0
33515,0
22042,1
14661,0
38457,0
11773,0
18925,1
22150,0
16649,0
612,1
35211,1
29926,1
34023,1
11398,0
31240,0
906,1
26112,1
11137,0
23138,0
28233,1
15489,0
37876,0
14533,0
31993,0
39125,0
8814,0
39210,0
16760,1
11717,1
602,1
31320,1
36283,1
20026,0
38005,1
14217,0
12515,0
27546,0
66,0
15496,1
34386,0
8160,0
25725,0
13255,1
3243,0
24330,1
41141,0
33106,0
35822,0
28512,0
12877,0
29558,1
36668,0
12193,0
7383,0
21987,1
38597,1
28739,0
28345,0
19324,0
12377,1
40633,0
19623,0
9945,1
20672,1
13080,1
4024,1
5144,0
3899,1
39505,0
35108,0
9290,0
16878,0
11785,0
12015,0
8979,0
4207,1
38953,0
38959,0
26793,0
27627,0
12651,0
36006,1
38904,1
26017,1
26103,0
21077,0
14951,0
3338,1
795,0
2594,0
11900,0
19217,0
7235,0
3654,0
26006,0
38507,0
5360,1
34070,1
27488,0
8247,0
36621,0
37610,0
9195,0
2848,0
10883,0
21848,0
35701,0
706,0
31234,0
14739,0
5871,0
583,0
32171,0
10823,0
3118,1
24569,1
36626,1
15049,1
32682,0
20446,0
29645,0
39631,0
26004,1
25944,1
9586,0
12561,1
4366,0
282,1
32118,0
27547,0
26753,0
36859,0
14474,0
28754,0
33430,0
23722,0
28039,1
7465,0
22181,0
35850,1
3826,1
25154,0
19645,1
8786,0
23937,0
1844,1
31270,0
2942,0
18266,0
851,1
8298,0
24787,0
12269,0
18363,0
16228,1
16247,0
28669,0
8039,0
34452,1
37786,0
38603,0
35735,1
32332,1
23996,0
28003,0
2004,0
680,0
38673,0
22993,0
6120,1
34464,1
30169,1
26486,1
30532,0
5370,1
40394,1
1412,0
4621,1
16588,1
684,0
28234,0
16736,0
25129,0
21632,1
15556,1
15515,0
15574,0
9592,0
17755,0
35976,1
23051,0
24039,0
31344,0
5021,0
37632,0
30480,0
40144,1
27012,0
19509,0
1204,1
5906,0
17118,0
6597,1
29289,1
32576,1
9598,1
22661,0
34848,0
9001,0
18734,1
27117,0
17078,1
40923,0
25007,0
221,1
31389,1
14448,0
5711,1
21292,0
19832,0
28312,1
24235,0
17690,0
21449,0
2920,1
9929,0
5748,0
17641,0
31324,0
24360,0
35206,0
587,1
25364,0
33250,1
36606,0
35053,0
1157,1
14213,0
16218,0
26256,0
29336,1
29680,0
33687,1
38081,0
3872,0
13653,1
14394,0
3844,1
18449,1
9643,1
8450,0
5727,0
9572,1
16592,1
20008,0
29423,1
27510,0
31870,1
3166,0
28420,0
12122,0
31165,1
14798,1
17944,1
24876,1
10716,0
14332,0
2756,0
33346,1
25894,1
29178,0
8516,0
21662,1
20167,0
22572,1
3971,0
5848,0
33600,1
23664,0
28350,1
26829,0
7731,1
29521,1
11100,1
20526,0
20215,0
37470,0
32078,1
14475,0
16591,1
19487,1
37668,0
17816,1
36587,0
33626,0
6867,1
15833,0
863,0
31899,1
10252,0
36627,0
166,1
22451,1
905,1
14110,1
7559,0
18181,1
25272,1
28837,1
5456,0
24664,0
3981,1
18146,0
34187,0
9485,0
2185,0
11648,0
16920,0
5751,1
18790,0
12830,1
35625,1
18556,0
20814,0
6151,1
1368,1
23754,0
12044,1
17656,0
3699,0
34545,1
11854,0
13950,0
20951,1
4921,0
12103,1
1746,0
18996,1
28407,1
6217,0
5070,1
10642,0
3010,0
17553,0
11989,0
39219,0
28009,0
20705,1
3007,1
25375,0
19747,0
13202,0
40161,0
39060,1
23938,0
23100,0
27194,0
527,0
21613,0
29951,1
6195,1
13063,0
16945,0
36001,1
4125,0
9595,1
25434,1
17381,0
16864,0
11010,1
29387,0
20999,1
37650,0
40853,0
27667,0
17017,0
15789,1
14063,1
27681,0
25854,1
15689,1
4554,0
1194,1
40254,0
37785,1
14983,0
22276,1
3472,0
31168,1
33481,1
27290,1
28378,1
28553,0
886,0
11184,1
5276,1
24889,1
24143,0
39047,0
6666,1
15292,0
4625,1
36468,1
32816,0
20435,0
15000,0
39217,0
6954,1
13419,1
29475,0
11614,1
29694,0
31752,1
39524,0
36960,1
2632,1
39228,1
37960,1
34137,0
8820,1
11466,0
14848,1
13654,1
37768,0
5816,0
3321,0
16282,1
22949,0
26769,0
9621,1
4074,0
18147,1
39137,1
5366,0
38896,0
32531,1
10652,0
32315,0
16061,1
25366,1
32415,1
5088,1
1011,1
26272,0
24157,1
23817,0
22619,1
28411,1
13077,0
39803,1
1661,0
11263,1
9932,0
13936,0
5313,1
4205,1
39329,1
6339,1
3910,0
12073,0
8622,1
27505,1
13250,0
29424,0
19662,0
30898,1
5770,1
15376,0
16331,0
9081,0
26189,0
29473,0
21227,1
26468,0
1935,0
28631,1
15095,0
29244,0
3875,1
901,1
27352,0
30913,1
11461,1
17457,0
36938,1
34467,1
14784,0
15929,0
11009,0
7182,1
3524,0
20421,0
25828,1
32813,0
32830,1
26977,0
26635,1
36584,0
18994,0
40659,1
20011,0
2202,1
36705,0
17154,1
6057,0
6933,0
10405,0
34084,0
39467,0
26385,0
38918,1
20866,0
16722,0
37675,1
20430,0
19469,0
15524,1
5516,0
25751,1
27535,1
22757,0
27243,1
22030,0
34898,1
2485,0
21851,0
36721,0
28915,1
17814,0
37952,1
22806,0
8684,1
22445,0
35862,0
28808,0
2250,0
12647,0
7340,1
23812,0
17049,1
34513,0
5791,1
25550,0
33899,1
10762,0
4082,0
18511,0
26848,0
10588,1
78,0
4136,0
21253,0
40841,0
9065,1
38519,0
7431,1
7295,0
40143,0
34932,0
35417,0
33496,0
17762,1
5953,0
27737,1
41166,1
1276,0
7789,1
10120,1
164,1
22253,0
29929,1
32448,1
17532,1
9575,1
4128,0
31444,0
14744,1
1694,1
3869,1
16390,1
28819,1
8049,1
7132,1
12574,0
18940,0
15871,0
2914,1
18095,0
7976,0
2126,1
39271,0
31166,0
20638,1
28097,1
24053,1
21996,0
18344,0
22427,0
30712,0
16033,0
6091,1
7283,0
36139,0
29458,0
22655,0
10303,0
16742,0
15087,1
31512,0
18627,1
22648,1
33061,0
67,0
38667,0
40449,1
21054,1
30569,0
39833,0
18582,0
18304,1
20857,0
28465,0
26485,0
378,1
2246,0
27452,0
5743,0
17448,0
13642,0
10998,0
21891,0
32669,1
26609,1
35227,1
37592,1
12135,1
20214,0
9995,0
15768,0
12852,1
28893,1
40586,1
25527,1
11415,0
26730,0
34476,1
5246,1
39668,1
15650,0
14292,0
33320,1
17472,0
3344,1
7373,1
15549,0
3349,0
10422,0
37214,1
26386,0
21214,0
24266,0
7496,0
1738,1
11515,1
32884,1
36644,0
10264,0
25194,1
8336,0
25068,1
26232,1
4255,0
4056,0
2951,1
15141,0
11723,0
40487,0
14806,0
36304,1
29052,0
2961,0
10290,1
35652,0
10690,0
18866,1
11483,0
1666,1
34759,1
35431,0
12453,1
20104,0
17040,1
24778,1
29070,1
9537,0
35296,1
13203,1
32194,0
108,0
12965,1
19852,0
30449,0
27091,1
38600,1
14235,0
343,0
33999,0
7052,1
10508,1
23188,0
34295,0
9786,0
26151,0
17684,0
22944,1
34972,1
39277,1
17995,0
15137,0
18294,0
10924,0
30785,0
38909,0
26656,1
37891,0
15219,1
8816,1
2640,0
30621,1
20563,0
32213,1
11215,1
40334,1
39160,0
7133,1
31968,0
15340,0
13500,0
15822,1
34385,1
12307,1
29139,1
8062,1
32836,0
30589,1
9205,1
16467,1
20794,1
27441,0
32508,1
9737,0
1183,0
31703,0
32317,1
24563,0
27548,1
36261,0
22983,0
36637,0
5570,1
34858,0
4715,1
3656,0
34811,0
15113,0
35473,0
26910,0
14776,1
16996,1
4824,1
38421,0
30386,1
19043,1
21724,1
13905,1
15796,1
33632,0
29506,0
5448,1
2513,0
4114,0
36805,1
28398,0
36549,1
21157,0
36580,0
11106,1
7730,1
11570,0
34021,1
12132,0
421,1
26936,0
6770,0
24090,1
40868,1
3190,0
9569,1
36404,1
31946,0
32028,0
19788,0
16022,0
25585,1
7749,0
2580,1
36615,1
12657,0
31648,1
1333,1
3446,0
16320,0
17768,1
28771,0
5339,1
34301,1
17038,0
38475,1
11750,0
11001,1
39976,1
28111,1
24672,0
27864,0
28430,1
23041,0
4709,0
26679,0
8423,0
13140,0
1870,0
19308,1
17861,1
38964,0
18446,0
19510,1
19105,1
24753,1
21373,1
3178,1
17772,0
36727,0
38358,0
30909,0
40801,0
1119,0
22094,0
40984,0
14716,0
19598,0
18809,0
31264,1
32745,0
9481,1
16928,0
35333,0
35247,1
21936,1
33669,1
26333,0
37893,1
14177,1
25637,0
40708,1
7462,1
24234,0
34913,0
26192,0
39880,0
27032,0
19862,1
29266,0
14198,0
35766,0
31128,0
10845,0
12195,1
943,1
19962,0
38065,0
23284,0
28842,0
20343,1
21908,1
16826,1
29844,0
29981,1
29752,0
11883,0
35261,0
38720,0
19846,1
28224,0
288,0
12623,0
39238,1
3163,1
15071,1
38977,0
27342,1
24604,0
11396,0
9920,0
17568,0
26253,1
18260,1
19725,0
17715,0
11087,1
38296,1
37987,1
37079,0
23058,1
17786,1
34248,0
7538,1
23124,1
38378,1
14269,1
16943,0
25971,1
8089,0
1952,0
24340,0
39020,0
24527,0
29762,1
26098,0
40665,1
1840,1
15217,1
9420,0
25702,0
35216,0
4029,1
17601,1
34327,1
3685,1
5228,0
14851,0
24981,1
36559,0
22479,1
6667,0
33247,0
31074,0
35281,1
22810,0
29433,0
17414,1
11866,0
6142,1
10110,1
33199,0
2201,0
456,0
28370,0
27829,0
34576,0
14323,0
21149,0
667,1
29090,1
10997,0
5092,1
11311,0
1632,1
10192,0
3721,0
19093,0
22535,0
25244,0
28049,1
29584,0
38588,0
30029,0
6918,1
38439,0
7514,0
15905,0
33427,0
12956,0
20978,0
10357,0
1077,1
29639,0
22015,0
3042,0
18457,0
21165,0
30540,0
12602,1
34157,0
33407,0
11079,0
18137,0
13894,0
8542,1
11390,0
35779,0
1419,1
37376,0
17891,0
10991,0
5417,1
36235,1
6506,0
34671,0
8976,0
38925,1
30664,1
18800,0
38758,1
20605,0
29059,1
40087,0
22582,0
37083,0
36607,0
10522,1
25770,1
25882,0
6485,1
29449,0
2159,0
39214,0
18907,1
16743,0
28481,1
26974,0
27919,0
5673,0
4164,0
25537,0
2222,0
3664,1
13856,0
1608,1
29416,1
30817,0
4423,0
33254,1
14298,0
9315,0
25463,0
24715,0
32176,0
39685,1
14846,0
33440,0
17092,1
26497,1
14329,1
4421,0
29041,1
1839,1
18859,0
26638,1
2996,0
34307,0
6288,0
22709,0
7925,0
20782,1
17205,0
5391,0
1254,0
12118,0
13498,0
39186,0
1560,0
10657,0
32083,1
32462,0
28321,1
22193,0
37628,0
18914,0
36543,0
33716,0
8318,0
17567,0
35543,0
21266,0
35008,1
15151,1
12000,1
305,0
2051,0
18820,0
14545,0
33727,1
14147,0
23730,0
32799,0
5068,0
23280,0
20559,0
20074,1
8369,0
12709,1
22776,0
27794,0
6376,1
2257,1
28511,0
27516,0
2634,0
5609,0
14960,0
4026,1
4939,1
20693,0
12091,0
4232,0
27252,0
5874,0
35436,0
38523,0
7298,0
2502,0
21612,1
33261,0
11235,0
25310,0
3214,0
33949,1
33526,0
29439,1
38591,0
31137,1
10212,1
27746,0
14035,0
20762,0
948,1
11748,0
34136,1
14042,0
3855,1
12262,0
28573,0
19346,1
5113,1
6711,0
2292,0
7001,1
29274,1
37889,0
25098,1
26169,0
19320,0
2912,1
39787,0
399,1
5572,0
9987,1
25192,0
37441,0
9923,0
25614,1
29069,0
36851,0
14889,0
13554,0
38205,1
15819,0
38178,1
38169,1
37044,0
19092,0
34148,0
31677,0
7274,0
39302,1
13493,1
29852,1
38785,1
40808,0
14997,0
38725,1
40823,0
29245,0
27259,1
30422,1
39607,1
27388,0
20569,1
24187,1
5340,1
9745,0
26411,1
22821,0
23136,0
10213,0
27476,0
30951,0
6166,0
29638,0
158,0
17613,1
13763,0
3257,0
11120,0
35395,1
27739,0
39905,1
18431,0
321,0
34752,0
19394,0
5780,1
7656,0
17483,1
33922,0
1162,0
10769,0
3211,1
29288,0
19639,0
31538,0
16806,1
24381,0
33875,0
8699,0
36392,0
37382,1
8236,1
27691,0
8225,0
11957,0
20094,1
31852,1
38722,1
36135,0
7332,0
30359,1
17437,0
22877,0
38610,0
40425,0
11589,0
6747,1
24489,0
29367,0
32288,1
40060,0
40114,0
9177,0
25691,1
10424,0
4687,1
28308,0
33588,1
28158,0
35238,0
13787,0
40058,0
36691,1
14106,1
9818,1
6659,1
27865,0
21708,0
1998,0
9596,0
3532,1
31714,0
11305,1
36837,0
22634,0
5435,1
6673,1
24503,0
28971,1
28489,0
37355,0
37338,0
7066,1
8991,1
19979,1
9686,1
20998,1
5149,0
24842,0
15349,1
30795,0
9305,0
29425,0
11628,0
23255,0
25571,0
12306,0
39546,1
20513,1
9427,0
13678,0
39042,1
36816,0
16641,1
33031,1
31079,0
36060,0
33700,0
22707,1
29403,0
8854,1
22765,0
1113,1
10081,0
12925,1
20495,1
40936,1
2963,1
22507,0
24900,1
2167,0
37869,0
31199,0
33260,0
27622,1
26844,0
4171,1
11170,0
4279,0
39585,1
5353,0
13852,0
34735,1
2759,0
36318,0
5766,0
18757,0
14950,0
22172,0
22701,0
40072,0
21123,1
9453,0
33887,0
39094,0
8259,0
35525,0
23456,0
18860,0
3832,1
6301,1
21470,0
24917,1
6745,1
24056,0
39310,1
35755,0
35372,0
6845,0
25734,1
9325,1
23092,0
32721,0
38344,1
27890,0
24904,0
21541,1
11947,1
16830,0
9756,0
25160,0
20863,1
37490,0
10429,0
33089,1
3022,1
2094,1
39897,0
32671,0
10853,1
26554,0
3941,1
22870,0
34074,0
15464,0
14051,1
20064,0
28229,0
21039,1
15089,0
17858,1
7077,0
22850,1
25767,0
31785,0
39573,1
26356,1
28134,0
39635,1
26747,0
9456,0
29165,1
39407,0
12390,0
6644,1
31086,0
19692,0
32522,1
5823,0
37266,0
36437,0
13577,1
32189,0
12947,1
8803,1
14979,0
12241,1
27851,0
28355,1
25706,1
34319,1
39780,0
5258,1
11930,1
31489,0
12833,0
17744,0
14387,0
18270,1
2244,0
23279,0
7201,1
1200,0
3383,0
25327,1
24475,0
21476,0
29143,1
22705,1
10504,1
2668,1
36707,0
8821,1
30145,1
40649,0
28728,1
20685,0
19490,0
18986,1
32540,0
22995,0
29772,1
38124,1
31051,0
3200,0
23111,0
9797,0
1193,0
4789,1
39359,1
10349,0
35839,0
16289,1
37509,0
15956,1
27102,0
21949,1
18458,0
11078,1
6829,1
22623,0
32429,0
33757,0
29873,0
30211,0
18101,0
30329,1
15747,0
3819,1
29675,1
5480,0
1153,1
6609,0
25289,1
234,1
15823,0
26624,0
38656,0
22068,0
10590,0
36015,0
24738,0
23990,0
34417,1
5949,0
27953,0
35219,0
13878,0
37009,0
24641,1
19180,1
34611,1
31867,1
37804,1
4227,0
16354,0
2164,0
34491,1
10752,1
20943,0
28698,1
21433,1
35650,0
25736,1
19418,0
14811,1
27796,0
16778,1
31744,1
31888,1
4495,1
11200,0
27165,1
26716,1
1862,1
35070,0
1403,1
36220,0
11889,0
5065,1
5414,1
36855,1
35349,0
31781,1
36360,0
15443,0
27093,0
27748,0
28993,1
34370,1
4698,1
26341,1
21484,0
39778,0
24063,1
33521,1
14102,0
22491,1
184,1
40514,0
18770,0
16777,1
1773,0
1644,1
36463,1
35392,1
18524,1
34827,1
37064,0
37456,0
16510,0
30185,1
33303,0
6262,0
34645,0
23839,0
6075,0
29789,0
20880,0
37925,0
30675,0
32192,0
27980,0
8662,0
25261,1
21187,1
13579,0
24712,0
32841,0
37153,0
35103,0
27409,0
8025,0
28936,1
32645,1
1573,0
7940,1
6844,0
27035,1
9032,1
25978,1
35918,0
24431,1
28399,1
16814,1
10856,1
13668,0
4347,1
21178,0
18856,0
19569,0
17269,0
23199,0
20293,0
15889,0
13126,0
19655,1
9391,0
26223,1
24220,0
31160,0
21954,1
28719,0
30148,1
2225,0
1802,1
5709,0
1744,0
22306,0
38093,0
22241,0
29877,0
18580,0
1002,1
21222,1
17774,0
5238,1
24238,0
18222,0
13765,1
18263,1
24734,1
20504,1
27608,1
36507,0
24488,1
20827,0
5855,0
24272,0
6192,1
27138,0
23463,0
1292,0
14251,0
34658,1
36192,0
3521,0
15018,0
29144,0
37881,0
14583,1
36528,1
37729,0
32525,0
32828,1
41178,1
34405,1
469,1
38635,0
1388,1
12220,0
9253,1
29047,0
1461,0
28175,1
37481,0
32292,1
26905,0
4221,0
9017,0
36282,0
39133,1
6951,1
16625,1
21477,0
21402,0
20073,1
18664,0
40806,1
18104,0
24370,0
24841,1
18079,1
17209,0
17137,0
28330,0
30969,1
12675,0
3857,0
26529,1
19835,1
20085,1
18975,1
37002,0
19132,0
22801,0
21132,0
4271,1
4722,1
31929,0
21120,0
37639,1
37512,1
9419,1
5613,1
6107,1
22223,0
13475,0
31243,0
35660,0
30997,0
16808,0
13923,1
25698,1
17100,1
36640,0
10106,0
19454,1
15564,1
37005,0
34436,0
40971,0
14866,0
31350,1
18103,1
23176,0
1762,1
36641,1
24913,1
37274,1
24757,0
39340,0
24843,0
20919,0
9413,0
20900,0
23346,1
2139,0
3188,0
36117,0
26822,0
39498,1
33563,1
36276,1
20586,1
18571,0
24818,1
22318,0
27891,1
7297,1
1903,1
1191,0
24453,1
11519,0
12386,0
36017,1
18873,1
20932,0
14497,0
25540,1
16,1
31659,1
1956,0
32801,0
22848,0
11376,0
16143,1
14306,0
15041,0
26503,0
28146,0
9416,1
33027,0
4700,1
1681,1
20861,0
20906,0
25942,0
24115,0
8538,1
8822,1
38424,0
5345,0
26076,0
3197,1
21713,0
32690,1
6463,1
1799,1
19535,0
23447,0
17586,0
7408,1
9469,1
19167,1
15838,1
11059,0
6623,0
35880,1
7045,0
5764,0
20700,1
17171,0
15053,0
16350,0
7289,1
8277,0
3082,0
21687,1
33947,0
14936,0
15305,0
17636,0
13561,1
9009,0
11217,0
3863,0
24624,0
11302,0
9507,0
8255,0
21458,1
18061,0
17616,0
4131,1
14415,0
27462,1
7060,0
6340,0
7044,0
19912,0
430,1
9639,1
30134,1
10950,0
39867,0
28966,1
29163,0
16597,1
2878,1
29034,0
1890,0
7365,0
28140,1
19868,1
25699,1
18038,1
30551,0
21439,0
783,0
11118,0
14993,0
38721,1
9820,1
10824,1
8374,0
25510,0
38188,0
17282,0
17847,0
8720,0
18762,0
31426,0
18523,0
17706,0
19496,0
11139,1
29781,0
33293,1
39908,0
34917,0
32053,1
28156,1
24224,1
10650,0
38905,1
19778,1
2736,0
31390,0
34549,0
2735,1
32387,0
10911,0
2215,0
2108,0
29568,0
38956,0
12420,0
14722,1
21688,0
3528,0
26845,1
38935,0
21009,0
1308,1
1949,0
38174,0
30554,0
28476,0
10743,0
10157,1
13393,1
24531,0
26042,0
14028,1
21197,0
36443,0
38590,0
5712,1
10337,1
9232,0
15693,0
6548,0
5822,0
21076,0
28599,0
27480,0
5590,0
13344,1
3157,1
17297,0
5096,1
33927,1
21131,0
30655,0
7526,1
19822,0
21156,0
16054,1
950,0
35555,0
24513,1
4196,0
25052,0
12874,1
20475,1
27123,0
23520,0
36950,1
39604,1
7522,1
27197,0
19507,0
20144,1
23002,1
4628,1
1766,1
13480,0
17873,0
21555,0
33877,0
1067,0
23769,1
4738,1
35050,0
7614,1
3975,0
17787,0
8034,0
25131,1
30884,1
24352,0
26368,0
13489,1
25639,1
3683,1
37700,0
36109,0
18909,0
21583,0
39817,0
14311,1
30240,0
36695,0
8895,1
36980,0
6150,1
14634,0
8263,0
10591,0
17878,1
39679,0
5833,0
13782,0
24372,1
5119,0
30870,1
24346,1
23717,0
17798,1
28946,1
4560,1
31383,0
941,0
3461,0
29933,1
30141,1
9147,0
17872,0
21181,0
30842,1
29746,0
31224,1
40983,0
12131,0
32186,0
21963,1
30993,1
41161,1
27167,1
34910,0
14282,1
33105,0
38531,1
8857,0
3931,1
24939,0
15692,1
34395,0
20938,0
4389,1
31427,0
17866,0
35605,0
28918,1
1230,1
36165,1
22434,0
7817,1
26090,0
39713,1
31274,1
150,1
21777,0
19076,0
40043,1
23906,0
10710,1
7761,0
9842,1
41088,0
24294,1
9661,1
27040,0
26083,0
30864,0
13100,0
8056,0
8989,1
29146,0
29920,1
29742,0
16329,0
14735,1
11443,0
37713,0
32526,0
15235,0
10900,0
36097,0
12917,0
8651,0
26783,1
15911,0
18201,0
4661,1
8231,0
39739,1
19602,0
23073,1
17673,0
38422,0
4684,0
4733,1
23522,0
13242,0
18681,0
20137,0
4407,0
30722,0
10160,1
18424,0
37429,1
2910,0
21600,0
1020,1
14932,0
2727,1
15077,0
28854,1
25810,0
19745,1
35391,0
32527,1
30908,0
9515,1
39489,1
21557,0
30326,1
11085,1
11359,0
879,0
37837,0
21978,1
21833,1
13155,0
25636,1
40606,1
27145,1
7805,1
3802,0
4371,0
20502,0
5075,0
40552,0
29544,1
35874,1
8294,1
21552,0
14386,1
37738,0
3309,0
25735,0
7243,0
14226,1
39180,1
20752,0
21388,0
17741,1
12166,0
18593,0
3452,0
41168,1
18978,1
16219,0
12296,0
29130,1
16493,0
31446,0
36688,0
15780,0
3480,1
41062,0
29881,0
39894,0
3468,1
5112,1
31784,0
25090,0
3390,1
16568,0
34749,0
38185,1
31194,0
2379,1
11234,0
18465,0
8912,1
33012,0
32416,1
18898,0
23598,0
8918,1
11597,0
30209,1
33977,1
40510,0
6929,0
29910,1
16809,0
31094,1
19836,0
7931,0
21366,0
40378,0
25254,1
275,1
19786,0
14109,0
39082,0
39107,0
12096,0
7936,0
34556,1
18501,0
8961,1
13804,0
19581,1
8590,0
2033,0
35003,0
2480,1
22570,0
26311,1
38083,1
22440,0
3687,0
2550,0
28982,0
29005,1
14887,0
18071,1
13051,0
192,0
13529,0
6415,0
9339,1
40635,1
16375,0
36893,0
31800,0
28100,1
28961,1
5753,0
34195,0
4085,0
15826,1
15478,1
8927,1
25346,0
25292,0
30783,1
2606,0
26282,0
12818,1
1917,0
37377,0
37413,0
25140,1
6941,1
278,0
35212,1
28110,0
15214,0
5773,0
16402,1
34650,0
41046,1
28291,1
18483,0
2177,0
33385,0
28743,1
25201,0
1137,1
35673,0
11025,0
25962,1
23250,1
8615,1
19361,0
31076,1
4095,0
20252,1
12722,0
4357,0
679,0
29505,1
10229,1
31922,1
29840,1
37435,0
23081,1
7728,1
19323,1
9383,1
31940,0
18906,1
37463,0
24211,1
25153,1
31950,1
39735,1
1034,0
30507,0
23084,1
7856,1
16382,1
30658,0
25665,1
18196,0
27924,0
37617,1
24295,0
33457,1
36310,1
8392,0
20950,0
1108,0
23643,0
34454,1
29160,1
25063,1
39726,1
31256,0
30098,1
29471,0
22442,0
22849,0
38679,0
10885,1
23727,0
10815,0
3901,0
8098,1
3246,0
411,1
27759,1
26644,0
32060,0
26014,0
3886,0
41158,1
36078,1
39655,0
30922,0
5390,0
16676,0
20191,0
26099,1
26465,1
2610,0
18783,0
16668,1
31448,0
30393,1
4152,1
31655,1
6752,1
19444,1
10916,1
27711,1
20570,1
11680,0
17350,1
35706,0
12740,0
14250,0
9466,0
36375,1
14380,1
33811,0
38893,1
15249,1
40622,0
38889,0
37975,1
7067,1
6643,1
11051,1
4482,0
26505,1
39433,1
12226,0
31848,0
26549,0
12211,0
2901,1
499,1
32274,1
27814,0
34638,1
15347,0
35273,1
1146,0
25469,1
25454,1
6011,0
17413,0
25587,1
29512,1
21370,0
12056,1
27219,0
8295,1
27620,0
39547,1
14562,1
39926,1
33279,0
37328,0
17016,0
16538,0
21669,0
2095,0
29195,1
11981,0
7687,0
21480,1
30919,1
20980,1
40967,0
26564,0
34242,0
24766,1
3861,0
5857,0
10178,0
24222,0
11485,1
14719,0
7265,1
22985,0
5646,1
14762,0
38042,1
38811,1
29285,1
23033,0
6991,0
161,0
14477,1
2453,0
13436,0
6320,1
26132,1
40637,1
31978,0
2012,0
9329,1
8964,1
22978,0
30782,0
33131,0
20100,0
21634,1
1285,0
22329,0
39041,0
15730,1
24504,0
17863,0
35935,0
32617,0
7847,1
39272,1
39361,1
35861,0
10899,1
26961,1
38206,0
179,1
7986,1
29204,1
83,1
15144,1
14610,0
12964,0
2296,1
8614,0
1007,0
11824,0
25054,1
2076,1
9170,0
6768,0
12669,1
9495,0
26081,0
1569,1
16720,1
14017,1
19051,1
12853,1
21122,0
33561,1
17759,0
22907,1
12406,0
2790,1
1591,1
5123,0
40131,0
29817,0
37384,1
22099,0
20362,1
2028,0
11795,0
11653,0
21456,1
18159,1
16341,1
4081,1
19740,0
33418,0
40222,0
10535,0
38516,0
34593,1
13796,0
8288,0
6906,0
14897,0
12598,0
26792,0
19170,0
25943,0
22362,1
4167,1
6555,1
30097,1
13507,0
2271,1
27964,1
27675,1
35134,1
21604,1
27210,0
14595,0
14618,1
17206,0
27523,1
32790,1
12783,0
11177,1
16044,0
3284,0
24426,1
3742,1
2898,0
5662,0
8164,1
7458,0
15999,0
23351,0
8020,1
27144,0
34299,0
15147,1
5280,0
13970,0
26802,0
10421,0
36576,1
14843,0
317,1
41102,1
19032,0
32202,1
25266,0
28927,1
21733,0
33363,1
25496,0
4756,0
34951,0
7483,0
35972,1
16439,0
21342,0
29409,1
2810,1
553,1
15341,1
35268,0
26929,0
5920,0
40473,0
31294,0
32286,1
5040,0
4934,0
25053,0
9304,0
15909,0
32430,1
5633,0
38152,0
20743,0
8198,0
14692,0
1099,0
20590,1
32750,0
22825,1
29607,0
37209,1
2029,0
8278,1
21719,0
19251,0
10413,0
3922,0
23850,1
11983,0
9847,0
36407,1
14037,1
6062,1
32769,1
40535,0
7466,0
6662,1
2440,1
31595,0
38483,1
21474,1
35707,0
13666,0
28572,1
35527,0
14211,0
11221,0
9119,0
3131,1
35232,0
18537,0
24674,0
12940,0
25482,1
15533,0
21464,0
20555,1
30630,0
20840,0
21931,0
29850,0
8477,0
9660,0
21032,1
4804,0
28006,1
34101,1
37769,1
38733,0
27354,1
33401,0
2306,1
11266,1
2416,0
7555,1
20983,0
40428,0
36840,0
6670,1
5263,1
12777,1
20397,1
27925,0
27201,0
8048,0
23900,1
38921,1
8904,0
1409,1
11358,0
25128,1
25022,0
33046,1
17424,1
20587,1
11555,0
12748,0
34539,0
31053,1
17900,0
8306,0
9270,1
1733,0
34091,1
14504,0
9960,0
13774,0
41032,0
3167,0
10775,0
23162,1
29730,0
1826,0
35989,0
32509,0
10127,0
18004,0
37087,0
9533,1
17327,0
28499,1
32640,0
582,0
5970,0
9976,0
39544,0
33438,1
16802,1
6837,0
3587,1
20995,0
3240,0
13004,1
19408,1
4962,0
22684,1
28031,1
18754,0
3850,0
34214,0
8729,0
9404,0
632,1
33289,0
28699,1
22766,0
35761,0
29930,1
733,0
33085,0
31816,1
28113,0
14690,1
30882,1
2982,1
15778,0
28190,1
32015,1
11948,0
25923,0
11328,0
27992,1
33009,1
25516,1
16769,0
37821,0
41138,0
17143,1
22819,0
29176,0
3613,1
40780,0
17711,0
2673,0
26713,1
6709,0
11941,0
19710,0
36547,1
960,1
15694,0
31317,0
1962,0
3894,0
9100,1
36269,1
17252,1
35489,0
39501,1
29982,1
24443,0
4297,0
5053,1
5607,1
28520,0
14825,0
20608,0
25064,0
37892,0
8855,0
12351,1
37464,0
3543,1
35161,0
24857,0
29830,1
1673,0
17954,0
40277,0
19282,0
6957,1
7727,1
39390,0
7139,0
32895,1
6635,0
29633,0
4602,0
18475,1
36509,1
30061,0
36662,0
5042,0
6353,1
40440,0
6111,0
36841,0
23200,0
28644,1
12037,0
5612,0
38991,1
14108,1
31442,0
18629,0
3753,1
30018,0
41003,0
26590,1
4689,0
33580,0
37545,1
28650,0
14232,0
26167,1
4116,1
3388,0
12934,1
21438,0
5595,1
21136,0
18182,0
3228,1
13320,1
38520,1
37633,1
11702,0
33910,0
2845,0
8598,1
12662,1
801,1
3741,0
23491,1
34763,0
24749,0
10538,0
2528,0
16140,0
33425,1
2058,0
16490,1
7906,0
28814,1
4393,1
17112,0
37409,0
12729,0
14945,0
36039,0
6633,0
11512,0
12986,0
15224,0
22908,0
36701,0
16672,0
33912,1
7102,0
6534,0
33464,1
19793,1
22786,1
36860,0
39912,0
40802,0
4871,1
31078,0
29318,1
20112,1
510,1
5959,0
1,1
28150,1
18073,0
9750,0
22496,0
32064,0
40836,0
19973,0
27421,1
36423,1
30883,1
33210,0
23872,1
1219,0
9410,0
39449,0
20606,0
18248,0
21670,0
7453,0
1141,1
30460,1
24306,1
37637,0
19413,1
30006,0
4261,0
12208,1
17268,1
14116,0
9834,1
19140,1
37558,0
6030,1
26735,1
33705,1
32659,0
4903,1
17303,0
20177,0
3217,1
24034,0
1924,0
21854,0
19534,0
7652,1
23661,0
27055,0
1916,1
20206,0
28442,0
40572,1
8562,1
31699,0
18607,1
12716,1
5621,1
12482,1
16570,0
13716,1
28067,0
37112,1
36696,1
17177,0
5597,1
19151,0
24461,0
21362,0
40712,0
24240,0
31072,1
35794,0
40434,0
40187,0
14328,1
19400,1
294,0
9501,0
9605,0
30659,0
22344,0
40561,1
26502,0
36702,1
19943,1
38363,1
12098,0
24813,0
9080,1
31272,0
2041,1
10631,0
20158,0
20378,0
23261,0
39644,0
22890,0
17897,0
37762,1
31117,0
30360,1
11409,0
9493,0
26705,0
34506,1
12555,0
1008,0
12632,0
9252,0
23871,0
16086,1
16217,1
37563,1
18023,0
13560,1
27722,0
12810,0
5750,0
17328,0
24910,0
10724,0
3771,0
23827,0
24530,1
6955,1
17725,0
20773,1
17644,1
12954,0
33227,0
35515,0
35931,1
16177,1
38747,1
15932,0
27255,0
25552,0
31821,0
60,1
19928,0
9048,1
14406,1
14935,0
889,0
8343,0
18886,0
18041,1
16980,0
535,1
10225,0
13201,1
29953,0
3159,1
23971,1
34826,0
10298,1
27986,1
4900,1
19923,0
24510,1
16105,1
27360,1
24733,0
2427,0
32352,1
21684,0
19379,0
33152,1
30287,1
20418,0
29234,1
1969,0
18690,0
5843,0
7449,0
209,0
26639,0
12635,0
40976,1
37529,1
13741,1
8796,1
13854,1
18626,0
7725,1
2549,1
20649,1
38346,1
30410,1
35106,0
16021,0
36544,0
34430,1
16988,1
2278,0
24859,0
255,0
25648,0
1026,0
38544,0
38283,0
21836,1
7445,1
19117,1
2142,1
8978,1
11158,1
9035,0
6822,0
25116,0
29369,1
38148,0
3360,0
18845,1
32974,0
20205,0
19311,0
38773,1
13311,0
39000,0
9749,1
10435,0
13921,0
14344,1
18716,0
35181,0
36874,0
31048,0
6205,0
32742,0
40247,1
6335,1
32932,1
38532,0
9397,1
18108,0
2940,0
35142,0
20123,1
37664,0
10890,1
22899,0
29635,0
34063,1
34062,0
11110,0
23940,0
6672,0
33278,1
35933,1
38480,1
14025,1
33007,0
22884,1
23910,0
31244,1
13727,1
6554,0
3747,1
24347,0
17373,0
14083,1
1190,1
31872,0
36482,0
14505,1
24459,1
31854,1
37154,0
21394,1
244,0
26685,1
8533,1
12110,0
23283,0
24479,1
26940,0
37298,0
30791,1
21618,1
36226,0
23775,0
23087,1
11327,1
21986,0
21326,0
21148,0
14024,1
19633,0
9528,0
9665,1
24066,1
5474,1
36405,0
6309,0
26092,0
36844,0
19818,1
6838,1
676,0
14052,0
26807,1
22249,0
31042,1
769,0
5664,1
28349,0
11134,1
2077,0
3477,0
15690,0
27453,0
26066,1
22555,0
15859,0
25190,0
29523,0
31795,0
31361,1
39128,0
21985,0
27936,1
24793,0
942,1
18059,0
33928,0
9782,0
30216,1
34053,1
15880,1
20680,1
33517,0
29804,0
17284,1
23030,0
23314,0
18547,0
40632,0
33117,0
25139,1
15317,1
33176,0
23793,0
25235,0
40475,1
22203,0
33444,1
25107,1
20621,1
6331,0
29767,0
3445,1
2030,0
6264,0
27482,0
8609,1
29704,0
16627,1
24700,1
33092,0
39586,0
26949,1
30232,0
15129,0
17748,0
17524,1
31674,1
29210,0
232,0
1663,0
18855,0
2954,1
33359,1
34998,0
39861,1
3920,0
33395,0
